{
  "parent": "create_ltab:core",
  "display": {
    "icon": {
      "id": "minecraft:deepslate_gold_ore"
    },
    "title": {
      "translate": "advancements.create_ltab.grot.title",
      "fallback": "The Grot"
    },
    "description": {
      "translate": "advancements.create_ltab.grot.description",
      "fallback": "Find the entrance to a Grot"
    }
  },
  "criteria": {
    "grot": {
      "trigger": "minecraft:location",
      "conditions": {
        "player": [
          {
            "condition": "minecraft:entity_properties",
            "entity": "this",
            "predicate": {
              "location": {
                "structures": "create_ltab:grot"
              }
            }
          }
        ]
      }
    }
  }
}