{
  "parent": "create_ltab:plains",
  "display": {
    "icon": {
      "id": "minecraft:rabbit_foot"
    },
    "title": {
      "translate": "advancements.create_ltab.lucky.title",
      "fallback": "Get Lucky"
    },
    "description": {
      "translate": "advancements.create_ltab.lucky.description",
      "fallback": "Get a potion of luck"
    }
  },
  "criteria": {
    "lucky": {
      "trigger": "minecraft:consume_item",
      "conditions": {
        "item": {
          "items": "minecraft:potion",
          "count": 1,
          "components": {
            "minecraft:custom_data": {
              "lucky": true
            }
          }
        }
      }
    }
  }
}