{
  "parent": "create_ltab:cold",
  "display": {
    "icon": {
      "id": "minecraft:snow_block"
    },
    "title": {
      "translate": "advancements.create_ltab.snowfort.title",
      "fallback": "The Fort"
    },
    "description": {
      "translate": "advancements.create_ltab.snowfort.description",
      "fallback": "Find a Snow Fort"
    }
  },
  "criteria": {
    "snow_fort": {
      "trigger": "minecraft:location",
      "conditions": {
        "player": [
          {
            "condition": "minecraft:entity_properties",
            "entity": "this",
            "predicate": {
              "location": {
                "structures": "create_ltab:snow_fort"
              }
            }
          }
        ]
      }
    }
  }
}