{
  "parent": "create_ltab:dune",
  "display": {
    "icon": {
      "id": "minecraft:sandstone"
    },
    "title": {
      "translate": "advancements.create_ltab.sandruin.title",
      "fallback": "Hidden in the Sand"
    },
    "description": {
      "translate": "advancements.create_ltab.sandruin.description",
      "fallback": "Find a Sand Ruin"
    }
  },
  "criteria": {
    "sand_house": {
      "trigger": "minecraft:location",
      "conditions": {
        "player": [
          {
            "condition": "minecraft:entity_properties",
            "entity": "this",
            "predicate": {
              "location": {
                "structures": "create_ltab:sand_house"
              }
            }
          }
        ]
      }
    }
  }
}