{
    "neoforge:conditions": [
        {
            "type": "neoforge:mod_loaded",
            "modid": "friendsandfoes"
        }
    ],
    "entity": "friendsandfoes:iceologer",
    "name": {
        "translate": "entity.friendsandfoes.iceologer",
        "color": "#09162D"
    },
    "sim_cost": 1024,
    "input": {
        "item": "hostilenetworks:prediction_matrix"
    },
    "base_drop": {
        "id": "hostilenetworks:overworld_prediction"
    },
	"trivia": "custom.trivia.iceologer",
    "fabricator_drops": [
        {
            "id": "friendsandfoes:totem_of_freezing",
            "count": 1
        },
        {
            "id": "minecraft:emerald",
            "count": 16
        },
        {
            "id": "minecraft:blue_ice",
            "count": 8
        }
    ]
}