{
  "type": "minecraft:jigsaw",
  "start_pool": "create_ltab:big_structures_plains",
  "size": 1,
  "max_distance_from_center": 64,
  "spawn_overrides": {},
  "step": "surface_structures",
  "terrain_adaptation": "beard_box",
  "start_height": {
    "absolute": 0
  },
  "project_start_to_heightmap": "WORLD_SURFACE_WG",
  "biomes": [
    "plains",
    "sunflower_plains",
    "birch_forest",
    "dark_forest",
    "flower_forest",
    "forest",
    "old_growth_birch_forest",
    "grove",
    "meadow",
    "savanna"
  ],
  "use_expansion_hack": false
}