{
  "biomes": [
    "badlands",
    "bamboo_jungle",
    "beach",
    "birch_forest",
    "cherry_grove",
    "dark_forest",
    "desert",
    "dripstone_caves",
    "eroded_badlands",
    "flower_forest",
    "forest",
    "frozen_peaks",
    "grove",
    "ice_spikes",
    "jagged_peaks",
    "jungle",
    "lush_caves",
    "mangrove_swamp",
    "meadow",
    "mushroom_fields",
    "old_growth_birch_forest",
    "old_growth_pine_taiga",
    "old_growth_spruce_taiga",
    "plains",
    "savanna",
    "savanna_plateau",
    "snowy_slopes",
    "snowy_beach",
    "snowy_plains",
    "snowy_taiga",
    "sparse_jungle",
    "stony_peaks",
    "stony_shore",
    "sunflower_plains",
    "swamp",
    "taiga",
    "windswept_forest",
    "windswept_gravelly_hills",
    "windswept_hills",
    "windswept_savanna",
    "wooded_badlands"
  ],
  "spawn_overrides": {},
  "type": "minecraft:jigsaw",
  "start_pool": "create_ltab:grotten/ent",
  "size": 7,
  "step": "raw_generation",
  "start_height": {
    "absolute": -60
  },
  "project_start_to_heightmap": "WORLD_SURFACE_WG",
  "max_distance_from_center": 116,
  "terrain_adaptation": "bury",
  "use_expansion_hack": false
}