{
  "type": "minecraft:jigsaw",
  "start_pool": "create_ltab:ruins",
  "size": 1,
  "max_distance_from_center": 64,
  "spawn_overrides": {},
  "step": "surface_structures",
  "terrain_adaptation": "beard_thin",
  "start_height": {
    "absolute": 0
  },
  "project_start_to_heightmap": "WORLD_SURFACE_WG",
  "biomes": [
    "bamboo_jungle",
    "birch_forest",
    "cherry_grove",
    "dark_forest",
    "eroded_badlands",
    "flower_forest",
    "forest",
    "frozen_peaks",
    "grove",
    "ice_spikes",
    "jagged_peaks",
    "jungle",
    "mangrove_swamp",
    "old_growth_birch_forest",
    "old_growth_pine_taiga",
    "old_growth_spruce_taiga",
    "savanna",
    "savanna_plateau",
    "snowy_slopes",
    "snowy_beach",
    "snowy_plains",
    "snowy_taiga",
    "sparse_jungle",
    "sunflower_plains",
    "swamp",
    "taiga",
    "windswept_forest",
    "windswept_gravelly_hills",
    "windswept_hills",
    "windswept_savanna",
    "wooded_badlands"
  ],
  "use_expansion_hack": false
}