{
  "name": "create_ltab:thecastle/wall",
  "fallback": "minecraft:empty",
  "elements": [
	{	
      "weight": 4,
      "element": {
        "location": "create_ltab:thecastle/end",
        "processors": "minecraft:empty",
		"projection": "rigid",
        "element_type": "minecraft:single_pool_element"
      }
    },
	{	
      "weight": 1,
      "element": {
        "location": "create_ltab:thecastle/four",
        "processors": "minecraft:empty",
		"projection": "rigid",
        "element_type": "minecraft:single_pool_element"
      }
    },
	{	
      "weight": 4,
      "element": {
        "location": "create_ltab:thecastle/left",
        "processors": "minecraft:empty",
		"projection": "rigid",
        "element_type": "minecraft:single_pool_element"
      }
    },
	{	
      "weight": 4,
      "element": {
        "location": "create_ltab:thecastle/right",
        "processors": "minecraft:empty",
		"projection": "rigid",
        "element_type": "minecraft:single_pool_element"
      }
    },
	{	
      "weight": 6,
      "element": {
        "location": "create_ltab:thecastle/straight",
        "processors": "minecraft:empty",
		"projection": "rigid",
        "element_type": "minecraft:single_pool_element"
      }
    },
	{	
      "weight": 3,
      "element": {
        "location": "create_ltab:thecastle/bottom",
        "processors": "minecraft:empty",
		"projection": "rigid",
        "element_type": "minecraft:single_pool_element"
      }
    },
	{	
      "weight": 1,
      "element": {
        "location": "create_ltab:thecastle/gate",
        "processors": "minecraft:empty",
		"projection": "rigid",
        "element_type": "minecraft:single_pool_element"
      }
    },
	{	
      "weight": 1,
      "element": {
        "location": "create_ltab:thecastle/fancy_tower1",
        "processors": "minecraft:empty",
		"projection": "rigid",
        "element_type": "minecraft:single_pool_element"
      }
    },
	{	
      "weight": 1,
      "element": {
        "location": "create_ltab:thecastle/fancy_tower2",
        "processors": "minecraft:empty",
		"projection": "rigid",
        "element_type": "minecraft:single_pool_element"
      }
    }
  ]
}