{
  "type": "minecraft:jigsaw",
  "start_pool": "create_ltab:shop_2",
  "size": 1,
  "max_distance_from_center": 64,
  "spawn_overrides": {},
  "step": "surface_structures",
  "terrain_adaptation": "beard_thin",
  "start_height": {
    "absolute": 0
  },
  "project_start_to_heightmap": "WORLD_SURFACE_WG",
  "biomes": [
    "old_growth_pine_taiga",
    "old_growth_spruce_taiga",
    "snowy_taiga",
    "taiga",
    "snowy_slopes",
    "snowy_beach",
    "snowy_plains",
    "dark_forest",
    "flower_forest",
    "forest",
    "windswept_forest",
    "windswept_gravelly_hills",
    "windswept_hills",
    "meadow",
    "stony_peaks",
    "stony_shore"
  ],
  "use_expansion_hack": false
}