{
  "type": "minecraft:jigsaw",
  "start_pool": "create_ltab:shop_1",
  "size": 1,
  "max_distance_from_center": 64,
  "spawn_overrides": {},
  "step": "surface_structures",
  "terrain_adaptation": "beard_thin",
  "start_height": {
    "absolute": 0
  },
  "project_start_to_heightmap": "WORLD_SURFACE_WG",
  "biomes": [
    "desert",
    "badlands",
    "eroded_badlands",
    "wooded_badlands",
    "birch_forest",
    "old_growth_birch_forest",
    "flower_forest",
    "forest",
    "windswept_forest"
  ],
  "use_expansion_hack": false
}