{
  "type": "minecraft:jigsaw",
  "start_pool": "create_ltab:snow_fort",
  "size": 1,
  "max_distance_from_center": 64,
  "spawn_overrides": {
    "monster": {
      "bounding_box": "full",
      "spawns": [
        {
          "type": "minecraft:pillager",
          "weight": 1,
          "minCount": 1,
          "maxCount": 5
        }
      ]
    }
  },
  "step": "surface_structures",
  "terrain_adaptation": "beard_thin",
  "start_height": {
    "absolute": 0
  },
  "project_start_to_heightmap": "WORLD_SURFACE_WG",
  "biomes": [
    "snowy_slopes",
    "snowy_beach",
    "snowy_plains",
    "snowy_taiga"
  ],
  "use_expansion_hack": false
}