{
  "name": "create_ltab:grotten/hall",
  "fallback": "minecraft:empty",
  "elements": [
	{	
      "weight": 5,
      "element": {
        "location": "create_ltab:grotten/blind",
        "processors": "minecraft:empty",
		"projection": "rigid",
        "element_type": "minecraft:single_pool_element"
      }
    },
	{	
      "weight": 3,
      "element": {
        "location": "create_ltab:grotten/four",
        "processors": "minecraft:empty",
		"projection": "rigid",
        "element_type": "minecraft:single_pool_element"
      }
    },
	{	
      "weight": 4,
      "element": {
        "location": "create_ltab:grotten/left",
        "processors": "minecraft:empty",
		"projection": "rigid",
        "element_type": "minecraft:single_pool_element"
      }
    },
	{	
      "weight": 4,
      "element": {
        "location": "create_ltab:grotten/right",
        "processors": "minecraft:empty",
		"projection": "rigid",
        "element_type": "minecraft:single_pool_element"
      }
    },
	{	
      "weight": 4,
      "element": {
        "location": "create_ltab:grotten/room1",
        "processors": "minecraft:empty",
		"projection": "rigid",
        "element_type": "minecraft:single_pool_element"
      }
    },
	{	
      "weight": 5,
      "element": {
        "location": "create_ltab:grotten/room2",
        "processors": "minecraft:empty",
		"projection": "rigid",
        "element_type": "minecraft:single_pool_element"
      }
    },
	{	
      "weight": 3,
      "element": {
        "location": "create_ltab:grotten/room3",
        "processors": "minecraft:empty",
		"projection": "rigid",
        "element_type": "minecraft:single_pool_element"
      }
    },
	{	
      "weight": 2,
      "element": {
        "location": "create_ltab:grotten/room4",
        "processors": "minecraft:empty",
		"projection": "rigid",
        "element_type": "minecraft:single_pool_element"
      }
    },
	{	
      "weight": 4,
      "element": {
        "location": "create_ltab:grotten/room5",
        "processors": "minecraft:empty",
		"projection": "rigid",
        "element_type": "minecraft:single_pool_element"
      }
    },
	{	
      "weight": 1,
      "element": {
        "location": "create_ltab:grotten/room6",
        "processors": "minecraft:empty",
		"projection": "rigid",
        "element_type": "minecraft:single_pool_element"
      }
    },
	{	
      "weight": 1,
      "element": {
        "location": "create_ltab:grotten/room7",
        "processors": "minecraft:empty",
		"projection": "rigid",
        "element_type": "minecraft:single_pool_element"
      }
    },
	{	
      "weight": 2,
      "element": {
        "location": "create_ltab:grotten/room8",
        "processors": "minecraft:empty",
		"projection": "rigid",
        "element_type": "minecraft:single_pool_element"
      }
    },
    	{	
      "weight": 3,
      "element": {
        "location": "create_ltab:grotten/room9",
        "processors": "minecraft:empty",
		"projection": "rigid",
        "element_type": "minecraft:single_pool_element"
      }
    },

	{	
      "weight": 3,
      "element": {
        "location": "create_ltab:grotten/room10",
        "processors": "minecraft:empty",
		"projection": "rigid",
        "element_type": "minecraft:single_pool_element"
      }
    },

	{	
      "weight": 2,
      "element": {
        "location": "create_ltab:grotten/room11",
        "processors": "minecraft:empty",
		"projection": "rigid",
        "element_type": "minecraft:single_pool_element"
      }
    },

	{	
      "weight": 2,
      "element": {
        "location": "create_ltab:grotten/room12",
        "processors": "minecraft:empty",
		"projection": "rigid",
        "element_type": "minecraft:single_pool_element"
      }
    },

	{	
      "weight": 1,
      "element": {
        "location": "create_ltab:grotten/room13",
        "processors": "minecraft:empty",
		"projection": "rigid",
        "element_type": "minecraft:single_pool_element"
      }
    },

	{	
      "weight": 8,
      "element": {
        "location": "create_ltab:grotten/straight",
        "processors": "minecraft:empty",
		"projection": "rigid",
        "element_type": "minecraft:single_pool_element"
      }
    }
  ]
}