{
  "parent": "create_ltab:plains",
  "display": {
    "icon": {
      "id": "minecraft:cracked_stone_bricks"
    },
    "title": {
      "translate": "advancements.create_ltab.ruin.title",
      "fallback": "Ruins"
    },
    "description": {
      "translate": "advancements.create_ltab.ruin.description",
      "fallback": "Find a Ruin"
    }
  },
  "criteria": {
    "ruins": {
      "trigger": "minecraft:location",
      "conditions": {
        "player": [
          {
            "condition": "minecraft:entity_properties",
            "entity": "this",
            "predicate": {
              "location": {
                "structures": "create_ltab:ruins"
              }
            }
          }
        ]
      }
    }
  }
}