{
    "entity": "minecraft:elder_guardian",
    "name": {
        "translate": "entity.minecraft.elder_guardian",
        "color": "#CBB1A5"
    },
    "display": {
        "y_offset": 0.5,
        "scale": 0.5
    },
    "sim_cost": 1024,
    "input": {
        "item": "hostilenetworks:prediction_matrix"
    },
    "base_drop": {
        "id": "hostilenetworks:overworld_prediction"
    },
    "trivia": "hostilenetworks.trivia.elder_guardian",
    "fabricator_drops": [
        {
            "id": "minecraft:cod",
            "count": 16
        },
        {
            "id": "minecraft:salmon",
            "count": 2
        },
        {
            "id": "minecraft:pufferfish",
            "count": 2
        },
        {
            "id": "minecraft:tropical_fish",
            "count": 2
        },
        {
			"optional": true,
            "id": "bettertridents:trident_fragment",
            "count": 1
        },
        {
			"optional": true,
            "id": "upgrade_aquatic:elder_eye",
            "count": 1
        },
        {
			"optional": true,
            "id": "upgrade_aquatic:pike",
            "count": 2
        },
        {
			"optional": true,
            "id": "upgrade_aquatic:perch",
            "count": 2
        },
        {
			"optional": true,
            "id": "upgrade_aquatic:lionfish",
            "count": 2
        },
        {
            "id": "minecraft:prismarine_crystals",
            "count": 8
        },
        {
            "id": "minecraft:prismarine_shard",
            "count": 24
        },
        {
            "id": "minecraft:wet_sponge",
            "count": 32
        }
	],
    "data_per_kill": {
        "faulty": 3,
        "basic": 12,
        "advanced": 30,
        "superior": 45
    }
}