{
    "entity": "minecraft:hoglin",
    "variants": [
		"minecraft:zoglin",
		"ad_astra:mogler",
		"ad_astra:zombified_mogler"
	],
    "name": {
        "translate": "entity.minecraft.hoglin",
        "color": "#E8A074"
    },
    "sim_cost": 256,
    "input": {
        "item": "hostilenetworks:prediction_matrix"
    },
    "base_drop": {
        "id": "hostilenetworks:nether_prediction"
    },
    "trivia": "hostilenetworks.trivia.hoglin",
    "fabricator_drops": [
        {
			"optional": true,
            "id": "irons_spellbooks:hogskin",
            "count": 8
        },
        {
			"optional": true,
            "id": "nourished_nether:raw_hoglin",
            "count": 16
        },
        {
			"optional": true,
            "id": "nourished_nether:hoglin_hide",
            "count": 8
        },
        {
            "id": "minecraft:porkchop",
            "count": 32
        },
        {
            "id": "minecraft:leather",
            "count": 16
        }
    ]
}