{
  "type": "minecraft:chest",
  "pools": [
    {
      "rolls": {
        "min": 0,
        "max": 2
      },
      "entries": [
        {
          "type": "minecraft:item",
          "name": "minecraft:potion",
          "weight": 8,
          "quality": -2,
          "functions": [
            {
              "function": "minecraft:set_potion",
              "id": "minecraft:luck"
            }
          ]
        },
        {
          "type": "minecraft:item",
          "name": "minecraft:name_tag",
          "weight": 7,
          "quality": 0
        },
        {
          "type": "minecraft:item",
          "name": "minecraft:saddle",
          "weight": 7,
          "quality": 0
        },
        {
          "type": "minecraft:item",
          "name": "minecraft:map",
          "weight": 1,
          "quality": 3,
          "functions": [
            {
              "function": "minecraft:exploration_map",
              "destination": "create_ltab:grot",
              "decoration": "minecraft:red_x",
              "zoom": 4,
              "skip_existing_chunks": false,
              "conditions": []
            }
          ]
        },
        {
          "type": "minecraft:item",
          "name": "minecraft:map",
          "weight": 1,
          "quality": 3,
          "functions": [
            {
              "function": "minecraft:exploration_map",
              "destination": "create_ltab:big_structures_plains",
              "decoration": "minecraft:red_x",
              "zoom": 4,
              "skip_existing_chunks": false
            }
          ]
        }
      ]
    },
    {
      "rolls": {
        "min": 1,
        "max": 4
      },
      "entries": [
        {
          "type": "minecraft:item",
          "name": "bread",
          "weight": 5,
          "quality": 1,
          "functions": [
            {
              "function": "minecraft:set_count",
              "count": {
                "min": 2,
                "max": 6
              }
            }
          ]
        },
        {
          "type": "minecraft:tag",
          "name": "minecraft:pig_food",
          "expand": true,
          "weight": 8,
          "quality": 1,
          "functions": [
            {
              "function": "minecraft:set_count",
              "count": {
                "min": 1,
                "max": 6
              },
              "add": false
            }
          ]
        },
        {
          "type": "minecraft:item",
          "name": "minecraft:wheat_seeds",
          "weight": 5,
          "quality": -3,
          "functions": [
            {
              "function": "minecraft:set_count",
              "count": {
                "min": 2,
                "max": 8
              }
            }
          ]
        }
      ]
    },
    {
      "rolls": {
        "min": 1,
        "max": 2
      },
      "entries": [
        {
          "type": "minecraft:item",
          "name": "minecraft:brick",
          "weight": 7,
          "quality": -2,
          "functions": [
            {
              "function": "minecraft:set_count",
              "count": {
                "min": 2,
                "max": 12
              }
            }
          ]
        },
        {
          "type": "minecraft:item",
          "name": "minecraft:emerald",
          "weight": 8,
          "quality": 2,
          "functions": [
            {
              "function": "minecraft:set_count",
              "count": {
                "min": 0,
                "max": 12
              },
              "add": false
            }
          ]
        },
        {
          "type": "minecraft:item",
          "name": "minecraft:iron_ingot",
          "weight": 10,
          "quality": 1,
          "functions": [
            {
              "function": "minecraft:set_count",
              "count": {
                "min": 1,
                "max": 6
              },
              "add": false
            }
          ]
        },
        {
          "type": "minecraft:item",
          "name": "create:andesite_alloy",
          "weight": 10,
          "quality": 2,
          "functions": [
            {
              "function": "minecraft:set_count",
              "count": {
                "min": 1,
                "max": 7
              }
            }
          ]
        },
        {
          "type": "minecraft:item",
          "name": "create:brass_ingot",
          "weight": 1,
          "quality": 4,
          "functions": [
            {
              "function": "minecraft:set_count",
              "count": {
                "min": 1,
                "max": 5
              }
            }
          ]
        },
        {
          "type": "minecraft:item",
          "name": "minecraft:enchanted_book",
          "weight": 1,
          "quality": 0,
          "functions": [
            {
              "function": "minecraft:enchant_randomly",
              "options": [
                "create_ltab:enchantment_luck"
              ]
            }
          ]
        }
      ]
    }
  ],
  "random_sequence": "create_ltab:normal/basic_loot"
}