{
  "type": "create:compacting",
  "heat_requirement": "superheated",
  "ingredients": [
    {
      "item": "minecraft:coal_block"
    },
    {
      "item": "minecraft:coal_block"
    },
    {
      "item": "minecraft:coal_block"
    },
    {
      "item": "minecraft:coal_block"
    },
    {
      "item": "minecraft:coal_block"
    },
    {
      "item": "minecraft:coal_block"
    },
    {
      "item": "minecraft:coal_block"
    },
    {
      "item": "minecraft:coal_block"
    },
    {
      "item": "minecraft:coal_block"
    }
  ],
  "results": [
    {
      "id": "minecraft:diamond"
    }
  ]
}