{
  "type": "minecraft:fishing",
  "pools": [
    {
      "bonus_rolls": 0,
      "entries": [
        {
          "type": "minecraft:item",
          "name": "minecraft:name_tag",
          "quality": 0
        },
        {
          "type": "minecraft:item",
          "name": "minecraft:saddle",
          "quality": 0
        },
        {
          "type": "minecraft:item",
          "quality": 1,
          "functions": [
            {
              "add": false,
              "damage": {
                "type": "minecraft:uniform",
                "max": 0.25,
                "min": 0
              },
              "function": "minecraft:set_damage"
            },
            {
              "function": "minecraft:enchant_with_levels",
              "levels": 30,
              "treasure": true
            }
          ],
          "name": "minecraft:bow"
        },
        {
          "type": "minecraft:item",
          "quality": 1,
          "functions": [
            {
              "add": false,
              "damage": {
                "type": "minecraft:uniform",
                "max": 0.25,
                "min": 0
              },
              "function": "minecraft:set_damage"
            },
            {
              "function": "minecraft:enchant_with_levels",
              "levels": 30,
              "treasure": true
            }
          ],
          "name": "minecraft:fishing_rod"
        },
        {
          "type": "minecraft:item",
          "quality": 2,
          "functions": [
            {
              "function": "minecraft:enchant_with_levels",
              "levels": 30,
              "treasure": true
            }
          ],
          "name": "minecraft:book"
        },
        {
          "type": "minecraft:item",
          "name": "minecraft:nautilus_shell",
          "quality": 1
        },
        {
          "type": "minecraft:item",
          "name": "create:brass_ingot",
          "weight": 2,
          "quality": 1
        }
      ],
      "rolls": 1
    }
  ],
  "random_sequence": "minecraft:gameplay/fishing/treasure"
}