{
  "type": "minecraft:chest",
  "pools": [
    {
      "rolls": {
        "min": 1,
        "max": 3
      },
      "entries": [
        {
          "type": "minecraft:item",
          "name": "minecraft:rotten_flesh",
          "weight": 2,
          "quality": 0,
          "functions": [
            {
              "function": "minecraft:set_count",
              "count": {
                "min": 1,
                "max": 4
              },
              "add": false
            }
          ]
        },
        {
          "type": "minecraft:item",
          "name": "minecraft:string",
          "weight": 2,
          "quality": 0,
          "functions": [
            {
              "function": "minecraft:set_count",
              "count": {
                "min": 1,
                "max": 4
              },
              "add": false
            }
          ]
        },
        {
          "type": "minecraft:item",
          "name": "minecraft:gunpowder",
          "weight": 1,
          "quality": 2,
          "functions": [
            {
              "function": "minecraft:set_count",
              "count": {
                "min": 1,
                "max": 4
              },
              "add": false
            }
          ]
        }
      ]
    },
    {
      "rolls": {
        "min": 0,
        "max": 2
      },
      "entries": [
        {
          "type": "minecraft:item",
          "name": "minecraft:cobweb",
          "weight": 5,
          "quality": -3,
          "functions": [
            {
              "function": "minecraft:set_count",
              "count": {
                "min": 0,
                "max": 7
              }
            }
          ]
        },
        {
          "type": "minecraft:item",
          "name": "minecraft:golden_apple",
          "weight": 5,
          "quality": 1
        },
        {
          "type": "minecraft:item",
          "name": "minecraft:book",
          "weight": 1,
          "quality": 4,
          "functions": [
            {
              "function": "minecraft:enchant_randomly"
            }
          ]
        },
        {
          "type": "minecraft:item",
          "name": "minecraft:name_tag",
          "weight": 5,
          "quality": 1
        },
        {
          "type": "minecraft:item",
          "name": "minecraft:bucket",
          "weight": 5,
          "quality": 0
        },
        {
          "type": "minecraft:item",
          "name": "minecraft:saddle",
          "weight": 5,
          "quality": 0
        },
        {
          "type": "minecraft:tag",
          "name": "minecraft:creeper_drop_music_discs",
          "expand": true,
          "weight": 10,
          "quality": 5
        }
      ]
    },
    {
      "rolls": {
        "min": 1,
        "max": 3
      },
      "entries": [
        {
          "type": "minecraft:item",
          "name": "minecraft:gold_ingot",
          "weight": 2,
          "quality": 1,
          "functions": [
            {
              "function": "minecraft:set_count",
              "count": {
                "min": 1,
                "max": 5
              },
              "add": false
            }
          ]
        },
        {
          "type": "minecraft:item",
          "name": "minecraft:iron_ingot",
          "weight": 4,
          "quality": 1,
          "functions": [
            {
              "function": "minecraft:set_count",
              "count": {
                "min": 1,
                "max": 6
              },
              "add": false
            }
          ]
        },
        {
          "type": "minecraft:item",
          "name": "minecraft:coal",
          "weight": 14,
          "quality": -3,
          "functions": [
            {
              "function": "minecraft:set_count",
              "count": {
                "min": 1,
                "max": 8
              },
              "add": false
            }
          ]
        },
        {
          "type": "minecraft:item",
          "name": "create:andesite_alloy",
          "weight": 8,
          "quality": 0,
          "functions": [
            {
              "function": "minecraft:set_count",
              "count": {
                "min": 1,
                "max": 7
              }
            }
          ]
        },
        {
          "type": "minecraft:item",
          "name": "create:brass_ingot",
          "weight": 1,
          "quality": 2,
          "functions": [
            {
              "function": "minecraft:set_count",
              "count": {
                "min": 1,
                "max": 5
              }
            }
          ]
        },
        {
          "type": "minecraft:item",
          "name": "minecraft:redstone",
          "weight": 5,
          "quality": 1,
          "functions": [
            {
              "function": "minecraft:set_count",
              "count": {
                "min": 1,
                "max": 12
              }
            }
          ]
        }
      ]
    }
  ],
  "random_sequence": "create_ltab:core/basic_loot"
}