{
    "neoforge:conditions": [
        {
            "type": "neoforge:mod_loaded",
            "modid": "eternal_starlight"
        }
    ],
    "entity": "eternal_starlight:aurora_deer",
    "name": {
        "translate": "entity.eternal_starlight.aurora_deer",
        "color": "#191F2B"
    },
	"display": {
		"scale": 0.9
	},
    "sim_cost": 64,
    "input": {
        "item": "hostilenetworks:prediction_matrix"
    },
    "base_drop": {
        "id": "hostilenetworks:overworld_prediction"
    },
	"trivia": "custom.trivia.aurora_deer",
    "fabricator_drops": [
		{
            "id": "minecraft:leather",
            "count": 16
        },
		{
            "id": "eternal_starlight:aurora_deer_steak",
            "count": 8
        }
    ]
}