{
    "neoforge:conditions": [
        {
            "type": "neoforge:mod_loaded",
            "modid": "eternal_starlight"
        }
    ],
    "entity": "eternal_starlight:lonestar_skeleton",
    "name": {
        "translate": "entity.eternal_starlight.lonestar_skeleton",
        "color": "#5A5B56"
    },
    "sim_cost": 128,
    "input": {
        "item": "hostilenetworks:prediction_matrix"
    },
    "base_drop": {
        "id": "hostilenetworks:overworld_prediction"
    },
	"trivia": "custom.trivia.lonestar_skeleton",
    "fabricator_drops": [
        {
            "id": "minecraft:bone",
            "count": 24
        },
		{
            "id": "eternal_starlight:swamp_silver_nugget",
            "count": 4
        }
    ]
}