{
    "neoforge:conditions": [
        {
            "type": "neoforge:mod_loaded",
            "modid": "eternal_starlight"
        }
    ],
    "entity": "eternal_starlight:ratlin",
    "name": {
        "translate": "entity.eternal_starlight.ratlin",
        "color": "#433943"
    },
    "sim_cost": 64,
    "input": {
        "item": "hostilenetworks:prediction_matrix"
    },
    "base_drop": {
        "id": "hostilenetworks:overworld_prediction"
    },
	"trivia": "custom.trivia.ratlin",
    "fabricator_drops": [
		{
            "id": "minecraft:leather",
            "count": 16
        },
		{
            "id": "eternal_starlight:ratlin_meat",
            "count": 12
        },
		{
            "id": "eternal_starlight:cave_moss",
            "count": 8
        }
    ]
}