{
  "name": "create_ltab:mob/water",
  "fallback": "minecraft:empty",
  "elements": [
	{	
      "weight": 4,
      "element": {
        "location": "create_ltab:mob/water/drown",
        "processors": "minecraft:empty",
		"projection": "rigid",
        "element_type": "minecraft:single_pool_element"
      }
    },
	{	
      "weight": 1,
      "element": {
        "location": "create_ltab:mob/water/drown2",
        "processors": "minecraft:empty",
		"projection": "rigid",
        "element_type": "minecraft:single_pool_element"
      }
    }
  ]
}