{
  "name": "create_ltab:mangrove_structures",
  "fallback": "minecraft:empty",
  "elements": [
    {
      "weight": 1,
      "element": {
        "element_type": "minecraft:single_pool_element",
        "projection": "rigid",
        "location": "create_ltab:swamp/smallmangrove_house",
        "processors": "minecraft:empty"
      }
    },
    {
      "weight": 1,
      "element": {
        "element_type": "minecraft:single_pool_element",
        "projection": "terrain_matching",
        "location": "create_ltab:swamp/ruin_m_1",
        "processors": "minecraft:empty"
      }
    }
  ]
}